id,question,answer
1,"AI","Hi, AI Labs hosts workshops, webinars, and conferences to foster knowledge sharing and collaboration."
2,"pratibha","AI Labs has received recognition for innovations in AI research and contributions to cutting-edge technology."
3,"NSL","AI Labs hosts workshops, webinars, and conferences to foster knowledge sharing and collaboration."
4,"greetings","Greetings, friend."
5,"what's up","Not much, what about you?"
6,"hey","Hey there!"
7,"good morning","Good morning! Hope you have a great day."
8,"good evening","Good evening! How was your day?"
9,"what's new","Same old, same old. You?"
10,"yo@","Yo! What's going on?"
11,"hi?","Hi, how can i help you?"
12,"hi &","Hi, curious about something?"
13,"where&when","At the crossroads, 7pm."
14,"how+why","Because of reasons, that's how."
15,"test<test","Testing the less than."
16,"test>test","Testing the greater than."
17,"test*test","Stars in the middle."
18,"what#is#this","Hashing it out."
19,"hello|world","Parallel universes."
20,"math=fun","Equally entertaining!"
21,"drive/ride","On the road again."
22,"questions\answers","Double trouble."
23,"hi","Hi, hi want to know about something?"
